RowId,Result
1,Medium
2,Medium
3,None
4,Low
5,Low
6,Low
7,Low
8,Very_High
9,Low
10,None
11,Low
12,Medium
13,Medium
14,Medium
15,Medium
16,Medium
17,Medium
18,Medium
19,Medium
20,Medium
21,Medium
22,Medium
23,High
24,Medium
25,Very_High
26,Very_High
27,Very_High
28,High
29,None
30,None
31,Low
32,Low
33,Low
34,Medium
35,Medium
36,Very_High
37,Very_High
38,Medium
39,High
40,Medium
41,Medium
42,Medium
43,Very_High
44,None
45,None
46,High
47,None
48,None
49,Low
50,None
51,None
52,None
53,None
54,Very_High
55,None
56,None
57,Medium
58,Medium
59,Medium
60,Medium
61,Medium
62,Medium
63,None
64,Medium
65,Medium
66,Medium
67,Medium
68,High
69,High
70,Medium
71,None
72,None
73,Low
74,Low
75,None
76,High
77,Medium
78,Medium
79,Medium
80,None
81,None
82,High
83,Medium
84,Medium
85,High
86,Low
87,Low
88,Medium
89,Low
90,None
91,Medium
92,Low
93,Medium
94,None
95,None
96,None
97,None
98,None
99,None
100,None
101,None
102,None
103,None
104,Low
105,Low
106,Medium
107,Medium
108,High
109,High
110,High
111,None
112,Medium
113,None
114,None
115,None
116,None
117,None
118,None
119,Very_High
120,Very_High
121,None
122,None
123,None
124,None
125,None
126,None
127,None
128,None
129,Low
130,Medium
131,Medium
132,Low
133,Low
134,Low
135,Low
136,Low
137,None
138,Very_High
139,Medium
140,None
141,High
142,None
143,None
144,High
145,None
146,High
147,High
148,High
149,High
150,Low
151,High
152,None
153,None
154,None
155,None
156,None
157,None
158,None
159,None
160,None
161,None
162,Very_High
163,Very_High
164,High
165,High
166,High
167,High
168,High
169,High
170,High
171,Low
172,Low
173,High
174,Low
175,Low
176,Low
177,Very_High
178,None
179,Medium
180,None
181,None
182,None
183,Medium
184,High
185,High
186,None
187,Low
188,None
189,None
190,High
191,Very_High
192,High
193,None
194,None
195,Very_High
196,None
197,High
198,None
199,None
200,None
201,Low
202,Low
203,High
204,Very_High
205,Medium
206,Medium
207,Medium
208,Medium
209,Medium
210,Medium
211,Low
212,Low
213,None
214,Low
215,None
216,None
217,None
218,None
219,None
220,None
221,None
222,None
223,None
224,None
225,None
226,None
227,None
228,None
229,None
230,None
231,None
232,Very_High
233,Very_High
234,Very_High
235,Medium
236,None
237,Medium
238,Medium
239,Very_High
240,High
241,None
242,High
243,High
244,High
245,High
246,High
247,Medium
248,Low
249,Low
250,Low
251,Medium
252,Medium
253,Medium
254,Medium
255,Medium
256,Medium
257,Low
258,Low
259,Low
260,None
261,None
262,None
263,None
264,None
265,None
266,None
267,None
268,None
269,None
270,None
271,Low
272,Low
273,Low
274,Low
275,Low
276,Low
277,Low
278,Low
279,Low
280,None
281,None
282,None
283,None
284,None
285,None
286,None
287,None
288,None
289,None
290,None
291,None
292,None
293,None
294,None
295,None
296,None
297,Low
298,Low
299,None
300,None
301,None
302,Low
303,Low
304,Low
305,None
306,None
307,None
308,None
309,None
310,None
311,None
312,None
313,None
314,None
315,Very_High
316,None
317,None
318,None
319,None
320,None
321,Very_High
322,None
323,Low
324,None
325,High
326,None
327,None
328,Low
329,None
330,None
331,None
332,None
333,None
334,High
335,High
336,High
337,Low
338,Low
339,Low
340,High
341,High
342,High
343,None
344,Medium
345,High
346,Medium
347,Medium
348,Medium
349,Medium
350,Medium
351,Medium
352,Very_High
353,Very_High
354,None
355,Very_High
356,None
357,Medium
358,High
359,High
360,High
361,Low
362,High
363,High
364,High
365,High
366,High
367,None
368,Medium
369,High
370,Low
371,Low
372,None
373,Low
374,Low
375,Low
376,Low
377,Medium
378,Medium
379,Medium
380,Low
381,Low
382,Medium
383,Low
384,Low
385,Low
386,Low
387,Low
388,Low
389,Medium
390,Medium
391,Medium
392,Medium
393,Medium
394,Medium
395,Medium
396,Medium
397,Medium
398,Medium
399,Medium
400,Low
401,Low
402,Medium
403,High
404,Low
405,Low
406,Low
407,High
408,High
409,Low
410,Low
411,Low
412,Low
413,Low
414,Low
415,Low
416,Low
417,Low
418,Low
419,Low
420,Low
421,Low
422,Medium
423,Medium
424,Very_High
425,Medium
426,Medium
427,Low
428,Low
429,Low
430,High
431,High
432,High
433,None
434,None
435,Very_High
436,Low
437,Low
438,None
439,None
440,Low
441,None
442,Low
443,Low
444,Low
445,Very_High
446,Very_High
447,None
448,Low
449,Low
450,Low
451,None
452,Low
453,Low
454,None
455,Very_High
456,Very_High
457,None
458,None
459,None
460,None
461,None
462,None
463,None
464,None
465,Low
466,Low
467,Low
468,Low
469,Low
470,None
471,None
472,High
473,Very_High
474,None
475,None
476,None
477,None
478,None
479,None
480,None
481,None
482,None
483,None
484,None
485,Very_High
486,None
487,None
488,None
489,Very_High
490,Medium
491,High
492,Medium
493,Medium
494,Medium
495,Medium
496,Medium
497,None
498,None
499,None
500,High
501,None
502,None
503,None
504,None
505,None
506,None
507,None
508,Very_High
509,Very_High
510,None
511,None
512,None
513,None
514,Medium
515,Medium
516,Medium
517,Medium
518,Medium
519,High
520,None
521,Medium
522,None
523,Low
524,Low
525,Low
526,Low
527,High
528,High
529,None
530,None
531,Low
532,Low
533,None
534,None
535,None
536,None
537,None
538,Medium
539,High
540,High
541,High
542,High
543,Low
544,Medium
545,None
546,None
547,None
548,Low
549,None
550,None
551,None
552,None
553,Low
554,Very_High
555,Low
556,Low
557,Low
558,Low
559,Low
560,Low
561,Medium
562,Medium
563,Medium
564,High
565,High
566,High
567,High
568,High
569,None
570,None
571,Low
572,Low
573,High
574,High
575,High
576,None
577,Low
578,Low
579,Low
580,Low
581,Low
582,Low
583,Medium
584,Medium
585,Medium
586,Medium
587,Medium
588,Medium
589,Medium
590,High
591,High
592,Medium
593,Medium
594,Low
595,None
596,Low
597,Low
598,None
599,None
600,None
601,None
602,None
603,None
604,None
605,None
606,None
607,None
608,Very_High
609,None
610,Medium
611,Medium
612,High
613,High
614,High
615,Medium
616,Low
617,None
618,None
619,None
620,None
621,None
622,None
623,None
624,Very_High
625,None
626,None
627,None
628,None
629,None
630,None
631,None
632,None
633,Medium
634,Medium
635,Medium
636,High
637,High
638,High
639,Medium
640,Medium
641,Low
642,None
643,None
644,None
645,None
646,None
647,None
648,None
649,None
650,None
651,None
652,None
653,None
654,None
655,None
656,None
657,Medium
658,Medium
659,Medium
660,Medium
661,High
662,None
663,None
664,Medium
665,None
666,Very_High
667,None
668,Low
669,Low
670,None
671,Low
672,Low
673,Low
674,Very_High
675,Very_High
676,Low
677,Low
678,Low
679,None
680,Low
681,Medium
682,Medium
683,Medium
684,Medium
685,Medium
686,High
687,High
688,Medium
689,High
690,Low
691,None
692,None
693,Low
694,Low
695,None
696,None
697,None
698,None
699,None
700,None
701,None
702,None
703,None
704,None
705,Medium
706,Medium
707,Medium
708,Medium
709,High
710,High
711,High
712,Medium
713,None
714,None
715,None
716,Low
717,Low
718,Low
719,None
720,None
721,Low
722,Low
723,Low
724,Low
725,Low
726,Medium
727,Medium
728,Medium
729,Medium
730,Medium
731,Medium
732,Medium
733,High
734,High
735,High
736,Medium
737,Medium
738,None
739,High
740,Low
741,High
742,High
743,None
744,High
745,None
746,None
747,None
748,None
749,None
750,None
751,Medium
752,Low
753,Very_High
754,Medium
755,Very_High
756,Very_High
757,Medium
758,Very_High
759,High
760,High
761,Low
762,Low
763,Low
764,None
765,None
766,None
767,None
768,Low
769,None
770,None
771,None
772,None
773,None
774,None
775,Low
776,None
777,Low
778,Medium
779,Medium
780,Medium
781,Medium
782,Medium
783,Medium
784,High
785,High
786,Low
787,Low
788,None
789,None
790,Low
791,None
792,None
793,None
794,None
795,None
796,None
797,None
798,None
799,Low
800,Low
801,Medium
802,Low
803,High
804,Medium
805,Very_High
806,High
807,High
808,High
809,Medium
810,Low
811,High
812,High
813,High
814,High
815,None
816,None
817,None
818,None
819,None
820,None
821,None
822,None
823,None
824,Low
825,None
826,None
827,High
828,Medium
829,Medium
830,High
831,None
832,High
833,High
834,None
835,Low
836,None
837,None
838,Low
839,Low
840,Low
841,None
842,Low
843,Low
844,Low
845,Low
846,Low
847,Medium
848,Low
849,Very_High
850,Medium
851,High
852,Medium
853,Medium
854,Medium
855,None
856,High
857,High
858,Low
859,High
860,High
861,High
862,None
863,Low
864,Low
865,None
866,Medium
867,Medium
868,None
869,None
870,None
871,None
872,Low
873,None
874,None
875,High
876,Very_High
877,Very_High
878,Very_High
879,Very_High
880,High
881,High
882,High
883,Low
884,Low
885,Low
886,Low
887,Low
888,Low
889,High
890,High
891,Low
892,None
893,None
894,None
895,Low
896,Low
897,Very_High
898,High
899,High
900,Very_High
901,High
902,High
903,High
904,High
905,High
906,None
907,None
908,None
909,None
910,High
911,Low
912,None
913,Very_High
914,Medium
915,None
916,Low
917,None
918,Low
919,Medium
920,Low
921,Low
922,None
923,High
924,Medium
925,Medium
926,Very_High
927,Very_High
928,High
929,Low
930,Low
931,Low
932,None
933,None
934,Low
935,Low
936,Low
937,None
938,None
939,None
940,None
941,None
942,None
943,None
944,None
945,Medium
946,Medium
947,Medium
948,Medium
949,Medium
950,Medium
951,Medium
952,High
953,High
954,High
955,High
956,High
957,None
958,Low
959,Low
960,Medium
961,None
962,None
963,None
964,None
965,None
966,None
967,None
968,None
969,Medium
970,Medium
971,Medium
972,Medium
973,Medium
974,Very_High
975,Very_High
976,High
977,High
978,High
979,High
980,High
981,None
982,None
983,None
984,Low
985,None
986,None
987,None
988,None
989,None
990,None
991,None
992,Low
993,None
994,None
995,None
996,Medium
997,Medium
998,Medium
999,None
1000,High
1001,High
1002,High
1003,High
1004,None
1005,Low
1006,Low
1007,Low
1008,Low
1009,None
1010,None
1011,Medium
1012,None
1013,None
1014,None
1015,None
1016,High
1017,High
1018,Medium
1019,Medium
1020,Medium
1021,Medium
1022,Medium
1023,Very_High
1024,Very_High
1025,High
1026,High
1027,Medium
1028,None
1029,None
1030,None
1031,None
1032,None
1033,Medium
1034,Low
1035,Low
1036,Low
1037,Medium
1038,Medium
1039,None
1040,None
1041,Medium
1042,Medium
1043,Medium
1044,Medium
1045,Medium
1046,Medium
1047,Medium
1048,Very_High
1049,Medium
1050,Medium
1051,Low
1052,High
1053,None
1054,None
1055,None
1056,None
1057,None
1058,None
1059,None
1060,None
1061,None
1062,None
1063,High
1064,None
1065,Medium
1066,Medium
1067,High
1068,Medium
1069,Very_High
1070,Very_High
1071,High
1072,High
1073,Medium
1074,Medium
1075,High
1076,None
1077,Medium
1078,None
1079,Medium
1080,None
1081,None
1082,None
1083,None
1084,None
1085,None
1086,None
1087,None
1088,None
1089,Medium
1090,Very_High
1091,Very_High
1092,Medium
1093,Medium
1094,High
1095,High
1096,High
1097,Low
1098,Low
1099,None
1100,None
1101,None
1102,None
1103,Low
1104,None
1105,None
1106,None
1107,None
1108,None
1109,None
1110,None
1111,Low
1112,Low
1113,Low
1114,Medium
1115,Medium
1116,Very_High
1117,Very_High
1118,Very_High
1119,High
1120,High
1121,High
1122,Low
1123,High
1124,None
1125,None
1126,None
1127,None
1128,None
1129,None
1130,None
1131,None
1132,None
1133,None
1134,None
1135,Low
1136,None
1137,Medium
1138,High
1139,High
1140,Very_High
1141,Very_High
1142,Very_High
1143,Very_High
1144,High
1145,High
1146,None
1147,None
1148,None
1149,None
1150,None
1151,None
1152,None
1153,None
1154,None
1155,None
1156,None
1157,Medium
1158,Medium
1159,Low
1160,None
1161,High
1162,None
1163,High
1164,Medium
1165,Medium
1166,Medium
1167,None
1168,High
1169,Low
1170,None
1171,None
1172,None
1173,None
1174,None
1175,None
1176,Low
1177,None
1178,None
1179,Low
1180,Low
1181,Low
1182,Medium
1183,High
1184,Medium
1185,High
1186,None
1187,Medium
1188,Medium
1189,None
1190,High
1191,High
1192,None
1193,Medium
1194,None
1195,None
1196,None
1197,None
1198,High
1199,None
1200,Medium
1201,None
1202,Low
1203,None
1204,None
1205,None
1206,None
1207,None
1208,None
1209,None
1210,Medium
1211,High
1212,Medium
1213,Low
1214,High
1215,Medium
1216,High
1217,Low
1218,Low
1219,Low
1220,None
1221,None
1222,None
1223,None
1224,None
1225,None
1226,None
1227,None
1228,None
1229,None
1230,None
1231,None
1232,Medium
1233,Medium
1234,Medium
1235,Medium
1236,High
1237,High
1238,None
1239,Medium
1240,Medium
1241,Medium
1242,Medium
1243,Medium
1244,None
1245,None
1246,None
1247,None
1248,None
1249,None
1250,None
1251,None
1252,None
1253,None
1254,None
1255,High
1256,High
1257,Medium
1258,Medium
1259,Medium
1260,Medium
1261,Medium
1262,Medium
1263,Medium
1264,High
1265,High
1266,Medium
1267,Low
1268,Low
1269,High
1270,High
1271,Medium
1272,Low
1273,None
1274,None
1275,None
1276,None
1277,None
1278,None
1279,Low
1280,Low
1281,Low
1282,Low
1283,High
1284,None
1285,None
1286,None
1287,Medium
1288,High
1289,Low
1290,High
1291,Low
1292,None
1293,None
1294,None
1295,None
1296,None
1297,None
1298,None
1299,None
1300,None
1301,None
1302,None
1303,Low
1304,None
1305,High
1306,High
1307,High
1308,High
1309,High
1310,High
1311,Very_High
1312,High
1313,High
1314,High
1315,High
1316,None
1317,None
1318,None
1319,None
1320,Low
1321,Very_High
1322,High
1323,High
1324,None
1325,None
1326,None
1327,Low
1328,Low
1329,None
1330,None
1331,None
1332,None
1333,None
1334,None
1335,None
1336,Low
1337,None
1338,Low
1339,None
1340,None
1341,None
1342,None
1343,None
1344,Low
1345,None
1346,None
1347,None
1348,None
1349,None
1350,Medium
1351,None
1352,None
1353,None
1354,Low
1355,None
1356,High
1357,Medium
1358,High
1359,High
1360,High
1361,High
1362,High
1363,Low
1364,None
1365,None
1366,None
1367,None
1368,None
1369,None
1370,None
1371,None
1372,None
1373,None
1374,Low
1375,Low
1376,Low
1377,None
1378,None
1379,High
1380,Very_High
1381,High
1382,High
1383,Very_High
1384,High
1385,High
1386,High
1387,High
1388,Low
1389,Low
1390,Low
1391,Low
1392,Low
1393,None
1394,None
1395,None
1396,None
1397,None
1398,None
1399,None
1400,None
1401,High
1402,Medium
1403,High
1404,High
1405,High
1406,High
1407,High
1408,High
1409,High
1410,None
1411,None
1412,None
1413,None
1414,None
1415,Low
1416,Low
1417,None
1418,None
1419,None
1420,None
1421,None
1422,Low
1423,None
1424,Low
1425,Medium
1426,Very_High
1427,None
1428,Medium
1429,Medium
1430,None
1431,Very_High
1432,Very_High
1433,Very_High
1434,None
1435,None
1436,None
1437,None
1438,None
1439,High
1440,High
1441,High
1442,High
1443,None
1444,None
1445,None
1446,None
1447,None
1448,High
1449,Medium
1450,Very_High
1451,High
1452,Very_High
1453,Very_High
1454,High
1455,Very_High
1456,Very_High
1457,Very_High
1458,None
1459,None
1460,None
1461,None
1462,None
1463,Low
1464,Low
1465,None
1466,None
1467,None
1468,None
1469,None
1470,None
1471,Low
1472,Low
1473,Low
1474,Very_High
1475,Very_High
1476,Medium
1477,Medium
1478,None
1479,None
1480,Medium
1481,Medium
1482,None
1483,None
1484,None
1485,None
1486,None
1487,High
1488,High
1489,None
1490,None
1491,None
1492,None
1493,None
1494,None
1495,None
1496,None
1497,Medium
1498,Very_High
1499,Very_High
1500,Medium
1501,Medium
1502,Medium
1503,None
1504,None
1505,None
1506,None
1507,None
1508,None
1509,High
1510,High
1511,High
1512,Medium
1513,None
1514,None
1515,Medium
1516,Medium
1517,Medium
1518,Medium
1519,Medium
1520,None
1521,Low
1522,Low
1523,None
1524,None
1525,None
1526,None
1527,Medium
1528,None
1529,None
1530,None
1531,None
1532,None
1533,None
1534,None
1535,Medium
1536,Medium
1537,Very_High
1538,Medium
1539,Low
1540,Low
1541,Low
1542,Low
1543,Low
1544,Medium
1545,Low
1546,None
1547,None
1548,Low
1549,Low
1550,Low
1551,Low
1552,None
1553,None
1554,Low
1555,Low
1556,None
1557,None
1558,None
1559,High
1560,High
1561,None
1562,None
1563,None
1564,None
1565,None
1566,None
1567,Medium
1568,Medium
1569,Low
1570,Very_High
1571,Low
1572,Medium
1573,Medium
1574,Medium
1575,Medium
1576,None
1577,None
1578,None
1579,None
1580,High
1581,None
1582,None
1583,High
1584,High
1585,Medium
1586,Low
1587,High
1588,High
1589,High
1590,High
1591,High
1592,High
1593,Low
1594,None
1595,None
1596,Medium
1597,Medium
1598,Medium
1599,Medium
1600,None
1601,None
1602,None
1603,Medium
1604,None
1605,Medium
1606,Medium
1607,Medium
1608,High
1609,Medium
1610,High
1611,High
1612,High
1613,High
1614,High
1615,High
1616,High
1617,High
1618,None
1619,None
1620,None
1621,None
1622,Medium
1623,Medium
1624,None
1625,None
1626,None
1627,None
1628,None
1629,None
1630,None
1631,Medium
1632,Medium
1633,None
1634,None
1635,High
1636,None
1637,None
1638,None
1639,None
1640,None
1641,None
1642,Low
1643,Low
1644,Low
1645,None
1646,None
1647,None
1648,None
1649,None
1650,None
1651,None
1652,None
1653,None
1654,None
1655,None
1656,Medium
1657,Very_High
1658,None
1659,High
1660,High
1661,None
1662,None
1663,None
1664,None
1665,Low
1666,Low
1667,None
1668,Medium
1669,Medium
1670,None
1671,None
1672,None
1673,None
1674,None
1675,None
1676,None
1677,None
1678,None
1679,High
1680,High
1681,None
1682,None
1683,None
1684,None
1685,None
1686,None
1687,None
1688,None
1689,Medium
1690,Medium
1691,Medium
1692,Medium
1693,None
1694,Medium
1695,None
1696,Medium
1697,Medium
1698,None
1699,None
1700,None
1701,None
1702,None
1703,High
1704,None
1705,None
1706,None
1707,None
1708,None
1709,None
1710,None
1711,None
1712,None
1713,None
1714,None
1715,None
1716,Medium
1717,None
1718,Medium
1719,Medium
1720,Medium
1721,Medium
1722,Low
1723,Low
1724,Low
1725,None
1726,None
1727,Low
1728,Low
1729,High
1730,High
1731,High
1732,None
1733,None
1734,None
1735,None
1736,None
1737,Medium
1738,Medium
1739,Medium
1740,Medium
1741,Medium
1742,Medium
1743,Medium
1744,None
1745,None
1746,None
1747,None
1748,High
1749,None
1750,None
1751,None
1752,High
1753,High
1754,High
1755,High
1756,High
1757,High
1758,High
1759,High
1760,High
1761,High
1762,High
1763,High
1764,High
1765,High
1766,High
1767,High
1768,High
1769,High
1770,High
1771,High
1772,High
1773,High
1774,High
1775,High
1776,High
1777,High
1778,High
1779,High
1780,High
1781,High
1782,High
1783,High
1784,High
1785,High
1786,High
1787,High
1788,High
1789,High
1790,High
1791,High
1792,High
1793,High
1794,High
1795,High
1796,High
1797,High
1798,High
1799,High
1800,High
1801,High
1802,High
1803,High
1804,High
1805,High
1806,High
1807,High
1808,High
1809,High
1810,High
1811,High
1812,High
1813,High
1814,High
1815,High
1816,High
1817,High
1818,High
1819,High
1820,High
1821,High
1822,High
1823,High
1824,High
1825,High
1826,High
1827,High
1828,High
1829,High
1830,High
1831,High
1832,High
1833,High
1834,High
1835,High
1836,High
1837,High
1838,High
1839,High
1840,High
1841,High
1842,High
1843,High
1844,High
1845,High
1846,High
1847,High
1848,High
1849,High
1850,High
1851,High
1852,High
1853,High
1854,High
1855,High
1856,High
1857,High
1858,High
1859,High
1860,High
1861,High
1862,High
1863,High
1864,High
1865,High
1866,High
1867,High
1868,High
1869,High
1870,High
1871,High
1872,High
1873,High
1874,High
1875,High
1876,High
1877,High
1878,High
1879,High
1880,High
1881,High
1882,High
1883,High
1884,High
1885,High
1886,High
1887,High
1888,High
1889,High
1890,High
1891,High
1892,High
1893,High
1894,High
1895,High
1896,High
1897,High
1898,High
1899,High
1900,High
1901,High
1902,High
1903,High
1904,High
1905,High
1906,High
1907,High
1908,High
1909,High
1910,High
1911,High
1912,High
1913,High
1914,High
1915,High
1916,High
1917,High
1918,High
1919,High
1920,High
1921,High
1922,High
1923,High
1924,High
1925,High
1926,High
1927,High
1928,High
1929,High
1930,High
1931,High
1932,High
1933,High
1934,High
1935,High
1936,High
1937,High
1938,High
1939,High
1940,High
1941,High
1942,High
1943,High
1944,High
1945,High
1946,High
1947,High
1948,High
1949,High
1950,High
1951,High
1952,High
1953,High
1954,High
1955,High
1956,High
1957,High
1958,High
1959,High
1960,High
1961,High
1962,High
1963,High
1964,High
1965,High
1966,High
1967,High
1968,High
1969,High
1970,High
1971,High
1972,High
1973,High
1974,High
1975,High
1976,High
1977,High
1978,High
1979,High
1980,High
1981,High
1982,High
1983,High
1984,High
1985,High
1986,High
1987,High
1988,High
1989,High
1990,High
1991,High
1992,High
1993,High
1994,High
1995,High
1996,High
1997,High
1998,High
1999,High
2000,High
2001,High
2002,High
2003,High
2004,High
2005,High
2006,High
2007,High
2008,High
2009,High
2010,High
2011,High
2012,High
2013,High
2014,High
2015,High
2016,High
2017,High
2018,High
2019,High
2020,High
2021,High
2022,High
2023,High
2024,High
2025,High
2026,High
2027,High
2028,High
2029,High
2030,High
2031,High
2032,High
2033,High
2034,High
2035,High
2036,High
2037,High
2038,High
2039,High
2040,High
2041,High
2042,High
2043,High
2044,High
2045,High
2046,High
2047,High
2048,High
2049,High
2050,High
2051,High
2052,High
2053,High
2054,High
2055,High
2056,High
2057,High
2058,High
2059,High
2060,High
2061,High
2062,High
2063,High
2064,High
2065,High
2066,High
2067,High
2068,High
2069,High
2070,High
2071,High
2072,High
2073,High
2074,High
2075,High
2076,High
2077,High
2078,High
2079,High
2080,High
2081,High
2082,High
2083,High
2084,High
2085,High
2086,High
2087,High
2088,High
2089,High
2090,High
2091,High
2092,High
2093,High
2094,High
2095,High
2096,High
2097,High
2098,High
2099,High
2100,High
2101,High
2102,High
2103,High
2104,High
2105,High
2106,High
2107,High
2108,High
2109,High
2110,High
2111,High
2112,High
2113,High
2114,High
2115,High
2116,High
2117,High
2118,High
2119,High
2120,High
2121,High
2122,High
2123,High
2124,High
2125,High
2126,High
2127,High
2128,High
2129,High
2130,High
2131,High
2132,High
2133,High
2134,High
2135,High
2136,High
2137,High
2138,High
2139,High
2140,High
2141,High
2142,High
2143,High
2144,High
2145,High
2146,High
2147,High
2148,High
2149,High
2150,High
2151,High
2152,High
2153,High
2154,High
2155,High
2156,High
2157,High
2158,High
2159,High
2160,High
2161,High
2162,High
2163,High
2164,High
2165,High
2166,High
2167,High
2168,High
2169,High
2170,High
2171,High
2172,High
2173,High
2174,High
2175,High
2176,High
2177,High
2178,High
2179,High
2180,High
2181,High
2182,High
2183,High
2184,High
2185,High
2186,High
2187,High
2188,High
2189,High
2190,High
2191,High
2192,High
2193,High
2194,High
2195,High
2196,High
2197,High
2198,High
2199,High
2200,High
2201,High
2202,High
2203,High
2204,High
2205,High
2206,High
2207,High
2208,High
2209,High
2210,High
2211,High
2212,High
2213,High
2214,High
2215,High
2216,High
2217,High
2218,High
2219,High
2220,High
2221,High
2222,High
2223,High
2224,High
2225,High
2226,High
2227,High
2228,High
2229,High
2230,High
2231,High
2232,High
2233,High
2234,High
2235,High
2236,High
2237,High
2238,High
2239,High
2240,High
2241,High
2242,High
2243,High
2244,High
2245,High
2246,High
2247,High
2248,High
2249,High
2250,High
2251,High
2252,High
2253,High
2254,High
2255,High
2256,High
